Id,address_id,user_id,date_of_creation,company_name,full_name_contact_person,phone_number_contact_person,email_contact_person,company_description,full_name_service_person,email_service_person,phone_number_service_person
1,1,2,2016-05-08 13:33:16,Brainbox,Penelope Drioli,470-187-4512,dgosart0@ca.gov,Bluejam,Den Gosart,dgosart0@goo.ne.jp,779-798-7439
2,2,3,2017-02-16 23:30:01,Kimia,Sophronia Presdee,749-277-1624,nfoker1@webeden.co.uk,Flashdog,Nadeen Foker,nfoker1@shinystat.com,432-641-0343
3,3,4,2018-06-18 16:50:42,Skipfire,Donica Turmel,904-157-9781,ckeslake2@technorati.com,Babbleblab,Cristal Keslake,ckeslake2@ovh.net,772-133-4663
4,4,5,2016-06-29 05:47:27,Eare,Ian Goter,683-735-1165,afrowd3@woothemes.com,Photojam,Ainslee Frowd,afrowd3@marriott.com,580-827-5662
5,5,6,2017-02-02 03:17:51,Buzzdog,Elyse Preist,929-806-4232,sdunnaway4@fastcompany.com,Dabfeed,Scotty Dunnaway,sdunnaway4@live.com,327-975-2860
6,6,7,2018-12-14 00:30:04,Meejo,Loise Vlasenkov,999-441-1866,hmauro5@google.co.jp,Leexo,Harwilll Mauro,hmauro5@salon.com,845-741-5785
7,7,8,2016-12-16 12:04:57,Trudoo,Adler Bohlens,248-338-8817,tharbor6@harvard.edu,Oyoba,Thedric Harbor,tharbor6@independent.co.uk,154-481-8844
8,8,2,2016-08-14 21:07:10,Edgeify,Foster Waddicor,197-154-5018,tantonutti7@posterous.com,Leexo,Tiertza Antonutti,tantonutti7@admin.ch,810-539-7321
9,9,3,2017-03-02 18:48:52,Yodel,Kelly Abrams,235-777-2327,dshivlin8@homestead.com,Zoovu,Dante Shivlin,dshivlin8@nytimes.com,899-402-4897
10,10,4,2019-01-02 18:01:57,Ooba,Farris Brighouse,977-426-4197,acotelard9@printfriendly.com,Nlounge,Annalise Cotelard,acotelard9@theatlantic.com,849-298-9753
11,11,5,2016-05-14 12:57:41,Edgepulse,Kiley Jakovijevic,905-748-5512,spendrea@home.pl,Blognation,Shir Pendre,spendrea@gov.uk,889-972-3528
12,12,6,2017-06-26 13:05:29,Twitterlist,Casie Maier,331-283-3417,pstoltzb@i2i.jp,Photofeed,Peadar Stoltz,pstoltzb@npr.org,910-762-4450
13,13,7,2017-01-23 16:25:40,Flashpoint,Fleurette Gedling,242-779-7512,wjandacc@altervista.org,Voolith,Worth Jandac,wjandacc@hud.gov,527-136-8331
14,14,8,2018-05-30 06:21:37,Thoughtbeat,Byran Zeal,999-924-5402,mpeyrod@springer.com,Eayo,Montgomery Peyro,mpeyrod@howstuffworks.com,830-430-5453
15,15,2,2018-09-01 05:20:35,Innojam,Keefer Beininck,170-250-7161,bbufferye@g.co,Gabcube,Barthel Buffery,bbufferye@jimdo.com,758-633-1387
16,16,3,2016-09-12 23:41:31,Twitterbridge,Nicolle Zupo,571-521-2718,eyewdellf@usatoday.com,Jetpulse,Ethelred Yewdell,eyewdellf@rambler.ru,411-889-3674
17,17,4,2017-11-26 23:37:54,Roombo,Karen Turfin,908-207-9958,kegginsong@altervista.org,Ntags,Kath Egginson,kegginsong@craigslist.org,592-980-8764
18,18,5,2016-07-28 07:14:28,Bluejam,Erastus Minget,173-790-8512,bwillshireh@arizona.edu,Edgewire,Birdie Willshire,bwillshireh@hubpages.com,596-102-2384
19,19,6,2017-07-14 02:58:47,Yombu,Joan VanBrugh,961-440-6047,cneedhami@homestead.com,Tagpad,Cathleen Needham,cneedhami@biglobe.ne.jp,186-605-3729
20,20,7,2018-12-17 07:20:16,Jaxnation,Danila Dow,343-314-1623,nbarendtsenj@homestead.com,Thoughtblab,Niki Barendtsen,nbarendtsenj@java.com,444-695-8877
21,21,8,2018-02-15 05:27:14,Edgewire,Clive Dumbrall,729-202-2538,mbackwellk@japanpost.jp,Gabtype,Mellicent Backwell,mbackwellk@omniture.com,593-409-7697
22,22,2,2017-01-12 05:49:32,Trupe,Dael Jordi,556-474-6128,ybergstrandl@walmart.com,Livetube,Yovonnda Bergstrand,ybergstrandl@photobucket.com,218-193-8052
23,23,3,2018-06-01 12:49:51,Blognation,Claus Northeast,252-103-2276,aphilipardm@goo.gl,Podcat,Adrian Philipard,aphilipardm@ifeng.com,946-513-5604
24,24,4,2016-06-11 00:16:39,Meemm,Phillida Cordy,658-804-1341,iearthfieldn@rambler.ru,Tazzy,Ives Earthfield,iearthfieldn@ehow.com,717-182-1544
25,25,5,2016-05-19 23:29:16,Camimbo,Torrence Havercroft,648-442-8541,rcorrieao@bbb.org,Skimia,Rutger Corriea,rcorrieao@a8.net,427-627-6108
26,26,6,2016-06-10 07:24:30,Jayo,Clio Phateplace,744-545-5817,ehankinp@networksolutions.com,Twiyo,Evelina Hankin,ehankinp@360.cn,251-398-2930
27,27,7,2018-04-25 02:38:56,Photofeed,Alonso Garshore,818-988-0186,jwilsherq@oracle.com,Flashset,Joli Wilsher,jwilsherq@prweb.com,533-861-4315
28,28,8,2018-02-18 12:05:28,Shuffledrive,Whitaker Yearsley,876-956-5283,drizziellor@hubpages.com,Jabberstorm,Debby Rizziello,drizziellor@usa.gov,586-639-7467
29,29,2,2016-07-28 21:06:15,Aimbu,Devondra Pulman,344-539-4549,awhitehalls@nydailynews.com,Aimbo,Ashlee Whitehall,awhitehalls@arstechnica.com,668-789-7031
30,30,3,2017-01-30 09:36:19,Yodo,Betti De Mitri,200-895-8728,ecarrabottt@typepad.com,Browsedrive,Ezri Carrabott,ecarrabottt@bloglovin.com,132-114-3697
31,31,4,2018-04-12 23:14:41,Tagopia,Shena Meehan,256-312-2974,eralstonu@bbc.co.uk,Vipe,Elwin Ralston,eralstonu@deliciousdays.com,463-915-9300
32,32,5,2017-03-01 07:47:26,Innotype,Suzann Munson,870-936-0118,tcoathupv@elpais.com,Demimbu,Tann Coathup,tcoathupv@tumblr.com,657-659-7890
33,33,6,2017-01-04 16:48:12,Fivespan,Sheff O'Shavlan,126-385-5127,gdodridgew@histats.com,LiveZ,Gardie Dodridge,gdodridgew@chron.com,833-735-2823
34,34,7,2019-02-27 14:32:19,Skyndu,Cassy Abrey,500-466-3870,bessamex@amazon.co.uk,Photospace,Bren Essame,bessamex@fda.gov,769-764-1652
35,35,8,2017-01-17 04:58:01,Rhybox,Zach Missen,289-339-4078,cbealey@nbcnews.com,Aimbo,Colet Beale,cbealey@theguardian.com,215-936-0738
36,36,2,2017-08-24 12:26:55,Tambee,Maddi MacElroy,913-252-8432,jwisedalez@spiegel.de,Ooba,Jordana Wisedale,jwisedalez@blogs.com,727-752-0553
37,37,3,2017-02-02 14:08:49,Brainbox,Kristi Di Frisco,821-505-1769,kreadett10@example.com,Innotype,Kara Readett,kreadett10@hexun.com,966-248-1015
38,38,4,2018-10-01 21:32:54,Shuffletag,Alford Felder,259-338-4745,jannand11@usgs.gov,Voonix,Joyce Annand,jannand11@mediafire.com,722-633-9091
39,39,5,2018-01-02 12:11:16,Yakidoo,Dilly De Filippi,321-988-1316,jsummersby12@chron.com,Browseblab,Jocelyn Summersby,jsummersby12@aboutads.info,940-131-3486
40,40,6,2018-08-24 08:38:56,Skimia,Natal Keiley,389-235-5341,akyngdon13@typepad.com,Omba,Austin Kyngdon,akyngdon13@jimdo.com,385-489-2442
41,41,7,2016-04-01 10:23:05,Skyvu,Bonny Viggers,953-956-4630,ncoiley14@tinyurl.com,Jetwire,Noelle Coiley,ncoiley14@wp.com,196-788-3110
42,42,8,2016-12-02 14:26:38,Livetube,Teresina Schanke,723-337-1095,ustrafford15@oakley.com,Agivu,Udall Strafford,ustrafford15@wiley.com,465-849-7875
43,43,2,2017-08-04 11:55:56,Jaxbean,Bertha Degan,344-939-4821,rcotelard16@amazon.com,Youtags,Rosie Cotelard,rcotelard16@hc360.com,729-779-3198
44,44,3,2018-06-04 10:57:14,Skalith,Bernardo Feaks,323-141-5716,lweed17@mlb.com,Feedfish,Lizabeth Weed,lweed17@samsung.com,160-443-4450
45,45,4,2016-09-29 00:24:31,Skinix,Shem Brightman,580-997-7855,wsimonich18@chronoengine.com,Skiba,Windy Simonich,wsimonich18@google.fr,667-932-0343
46,46,5,2016-03-19 15:48:13,Camimbo,Gray Smallpeace,616-940-5837,hshawyer19@foxnews.com,Roodel,Hedda Shawyer,hshawyer19@mac.com,861-630-1701
47,47,6,2018-11-25 10:21:02,Wikizz,Kata Bellee,609-118-5384,rcostock1a@japanpost.jp,Gabspot,Ragnar Costock,rcostock1a@eepurl.com,761-395-3453
48,48,7,2018-04-08 16:59:47,Minyx,Terrill Le Count,343-553-6062,bscudders1b@amazonaws.com,Mydo,Bonnibelle Scudders,bscudders1b@alibaba.com,695-429-8603
49,49,8,2017-10-24 00:58:45,Agimba,Lola Sprionghall,310-796-9161,ceatherton1c@dell.com,Wikibox,Courtney Eatherton,ceatherton1c@amazon.co.uk,551-735-5160
50,50,2,2017-09-19 02:42:32,Jayo,Bertrando Tredger,278-786-5604,gtithecote1d@sakura.ne.jp,Viva,Gilly Tithecote,gtithecote1d@wikia.com,665-117-1954
51,51,3,2016-07-28 04:27:37,Bluejam,Berti Davidowich,603-557-5011,scolenutt1e@dmoz.org,Divavu,Sara-ann Colenutt,scolenutt1e@liveinternet.ru,756-260-7709
52,52,4,2018-09-18 02:31:11,Jazzy,Gerry La Torre,786-437-0101,rbertwistle1f@columbia.edu,Youtags,Rickie Bertwistle,rbertwistle1f@comsenz.com,481-800-2745
53,53,5,2019-01-15 10:43:07,Jetpulse,Edvard Coles,507-283-9310,shawton1g@51.la,Thoughtsphere,Spence Hawton,shawton1g@t-online.de,318-553-2096
54,54,6,2019-01-04 18:50:15,Skyba,Colin Lackmann,381-218-7490,ymatyasik1h@bloglovin.com,Devpulse,Yankee Matyasik,ymatyasik1h@discuz.net,951-203-5541
55,55,7,2017-05-17 18:40:22,Voolia,Hetty Loveless,520-203-6585,rsalasar1i@1und1.de,Linklinks,Rolland Salasar,rsalasar1i@pen.io,217-501-5779
56,56,8,2018-07-24 08:49:51,Mycat,Natale Hansford,114-542-5793,jgirardet1j@wsj.com,Wikibox,Joni Girardet,jgirardet1j@aboutads.info,139-587-0819
57,57,2,2016-10-03 03:34:56,Feedfire,Elvis Skin,624-521-6058,welvy1k@netscape.com,Kayveo,Walliw Elvy,welvy1k@fema.gov,452-804-3814
58,58,3,2018-04-29 02:25:25,Mycat,Leonora Labusquiere,630-998-8448,cgoodson1l@de.vu,Nlounge,Catriona Goodson,cgoodson1l@nhs.uk,446-909-2971
59,59,4,2017-02-22 21:09:12,Thoughtsphere,Raquel Freed,717-359-7926,sdanko1m@yandex.ru,Quimba,Shurlock Danko,sdanko1m@army.mil,171-249-5685
60,60,5,2018-12-29 10:16:23,Tazzy,Morlee Kervin,494-813-5112,hcurrer1n@furl.net,Yata,Hyacinthie Currer,hcurrer1n@icq.com,323-300-7794
61,61,6,2016-08-19 02:15:35,Jabbercube,Dunc Passingham,574-418-4929,ipiechnik1o@webeden.co.uk,Quinu,Ikey Piechnik,ipiechnik1o@mysql.com,354-773-4048
62,62,7,2018-01-19 15:42:57,DabZ,Vance Lamberth,590-230-6608,lbaggott1p@furl.net,Avavee,Lilyan Baggott,lbaggott1p@chicagotribune.com,537-582-8141
63,63,8,2018-02-16 22:13:14,Jabbertype,Miguelita Orrow,184-638-1182,clavall1q@amazonaws.com,Browsezoom,Christophorus Lavall,clavall1q@amazon.co.uk,603-792-4962
64,64,2,2018-11-17 03:57:20,Trunyx,Reuben Face,583-980-0083,jbordiss1r@irs.gov,Linkbridge,Junia Bordiss,jbordiss1r@stumbleupon.com,789-182-8071
65,65,3,2017-08-05 10:24:26,Yodo,Charlton Saunier,787-702-9317,kbartoleyn1s@dailymotion.com,Skynoodle,Kath Bartoleyn,kbartoleyn1s@i2i.jp,797-206-3168
66,66,4,2018-02-14 12:23:11,Blogtag,Kain Tussaine,266-837-4988,fcockin1t@infoseek.co.jp,Katz,Faustine Cockin,fcockin1t@soundcloud.com,905-168-4367
67,67,5,2018-10-07 03:20:30,Youtags,Jaquelin Bartolic,912-122-1281,rturneaux1u@uol.com.br,Dabfeed,Rafi Turneaux,rturneaux1u@twitpic.com,730-453-6917
68,68,6,2017-07-13 10:24:55,Latz,Zarla Younge,172-330-3102,nsuttill1v@census.gov,Livefish,Nancy Suttill,nsuttill1v@mysql.com,687-629-7944
69,69,7,2017-08-31 01:54:49,Buzzbean,Edouard Covey,745-902-0236,tmariet1w@fda.gov,Zoozzy,Tuesday Mariet,tmariet1w@timesonline.co.uk,525-527-7961
70,70,8,2017-12-12 16:57:41,Oozz,Killian Tampling,562-733-0183,vomoylane1x@eepurl.com,Aimbu,Vilhelmina O'Moylane,vomoylane1x@odnoklassniki.ru,241-930-6152
71,71,2,2018-05-25 20:49:17,Mudo,Margalo Huzzey,319-169-1675,dlarby1y@tinyurl.com,Babbleblab,Dilly Larby,dlarby1y@wikia.com,854-380-7610
72,72,3,2018-11-06 09:00:26,Rhyzio,Avrom Bridat,824-225-2768,dhaggerwood1z@wunderground.com,Tagfeed,Debby Haggerwood,dhaggerwood1z@japanpost.jp,573-817-9975
73,73,4,2017-09-01 13:45:34,Yodoo,Diana Cloughton,430-668-4369,ccrummay20@aol.com,Realmix,Corrie Crummay,ccrummay20@furl.net,780-279-8513
74,74,5,2016-08-04 19:11:23,Twimm,Trixie Jemison,756-540-6458,cmaciejak21@netvibes.com,Topicblab,Charissa Maciejak,cmaciejak21@so-net.ne.jp,704-850-7413
75,75,6,2017-12-24 19:15:58,Fivechat,Brannon Doust,430-234-6484,mmccard22@huffingtonpost.com,Flashdog,Montgomery McCard,mmccard22@delicious.com,387-666-2965
76,76,7,2017-06-22 07:01:43,Twimbo,Libbey Thies,670-966-8594,lrobbings23@cpanel.net,Dynava,Leta Robbings,lrobbings23@delicious.com,516-704-1353
77,77,8,2017-07-27 11:25:45,Meembee,Hall Roistone,707-480-3242,amaymand24@sakura.ne.jp,Meevee,Archy Maymand,amaymand24@hostgator.com,249-467-5668
78,78,2,2017-09-15 00:25:39,Vidoo,Skip Craddy,521-443-9452,rweavers25@devhub.com,Edgepulse,Rees Weavers,rweavers25@answers.com,484-696-3165
79,79,3,2018-12-25 10:07:31,Snaptags,Wallie Ackerman,470-341-5611,screwes26@domainmarket.com,Tambee,Susanetta Crewes,screwes26@hud.gov,136-160-4174
80,80,4,2016-08-24 08:28:36,Jazzy,Maryanne Kondratovich,413-679-2997,bverna27@icio.us,Zoomdog,Bartholomeus Verna,bverna27@smugmug.com,560-588-0771
81,81,5,2017-09-26 21:58:54,Dynabox,Edsel Soares,747-293-5052,mdobey28@arizona.edu,Browsedrive,Mart Dobey,mdobey28@uol.com.br,405-573-3378
82,82,6,2018-04-17 04:29:35,Mycat,Corrina Rapaport,723-512-2670,hgebhard29@ehow.com,Midel,Haley Gebhard,hgebhard29@yahoo.co.jp,740-980-0287
83,83,7,2018-08-08 10:13:11,Skynoodle,Pierette Le Sieur,658-360-4325,rcrumley2a@amazon.co.jp,Yozio,Rosalyn Crumley,rcrumley2a@hud.gov,841-346-7822
84,84,8,2018-10-26 22:50:39,Twinte,Carolann Beeson,227-317-6544,cwhitehorne2b@ning.com,Meejo,Claribel Whitehorne,cwhitehorne2b@sitemeter.com,612-579-8131
85,85,2,2016-10-01 08:30:53,Fivespan,Crosby Buncombe,441-675-7052,hovershott2c@twitter.com,Shuffletag,Harrie Overshott,hovershott2c@mlb.com,981-941-2095
86,86,3,2016-10-16 16:57:43,Aimbo,Leona Heibel,161-358-9801,canthoin2d@cyberchimps.com,Zoombeat,Calv Anthoin,canthoin2d@netvibes.com,386-144-7330
87,87,4,2018-06-15 18:24:46,Zoombox,Ilka Archbould,516-657-9026,jrheaume2e@mac.com,Jabberbean,Jacquie Rheaume,jrheaume2e@amazon.co.uk,126-226-2600
88,88,5,2017-10-26 21:23:40,Fivespan,Mignonne Purrington,713-970-6325,mgrigoliis2f@amazon.de,Meeveo,Midge Grigoliis,mgrigoliis2f@nyu.edu,102-127-7918
89,89,6,2016-09-25 21:03:24,Tagchat,Lyssa Nuttall,390-152-2497,aallmark2g@comcast.net,Quaxo,Arny Allmark,aallmark2g@elpais.com,314-600-4412
90,90,7,2018-12-23 21:59:47,Photobug,Dorry Glowach,257-309-1385,btalloe2h@typepad.com,Photobean,Brianna Talloe,btalloe2h@mac.com,716-826-5067
91,91,8,2018-08-09 04:51:19,Leexo,Emmerich Jeckells,250-862-6705,rburbury2i@si.edu,Meeveo,Rubetta Burbury,rburbury2i@parallels.com,763-309-9831
92,92,2,2018-05-18 13:26:49,Minyx,Kelly Huntriss,133-545-6428,dsuttling2j@nsw.gov.au,Oyoba,Devlen Suttling,dsuttling2j@github.io,941-318-8387
93,93,3,2017-10-05 13:24:41,Dynabox,Orella Buckel,851-685-8017,sdeelay2k@ask.com,Aivee,Spenser Deelay,sdeelay2k@wufoo.com,727-717-5428
94,94,4,2017-04-07 10:31:36,Edgeify,Traci Drinnan,867-447-2494,acaughey2l@storify.com,Devpulse,Anson Caughey,acaughey2l@amazon.co.uk,741-518-8057
95,95,5,2017-02-02 19:41:14,Topiczoom,Alfredo Gudgin,735-271-8003,gferrier2m@un.org,Edgepulse,Giulia Ferrier,gferrier2m@yahoo.co.jp,419-914-2372
96,96,6,2018-09-06 00:04:11,Dynabox,Cleo Ettery,685-753-1117,kshingfield2n@icio.us,Camimbo,Kimberli Shingfield,kshingfield2n@imgur.com,266-999-7187
97,97,7,2017-12-11 12:34:11,Skyba,Isahella Gainfort,283-216-6542,skobieriecki2o@illinois.edu,Camido,Scot Kobieriecki,skobieriecki2o@mail.ru,654-266-5410
98,98,8,2017-12-21 13:50:25,Realcube,Levi Simmill,433-717-8684,ccorbie2p@slideshare.net,Meezzy,Cirillo Corbie,ccorbie2p@examiner.com,311-818-5844
99,99,2,2016-07-09 10:45:13,Zoombox,Aviva Leither,809-729-7370,estairmand2q@aol.com,Jaxspan,Elvera Stairmand,estairmand2q@blogspot.com,860-995-8480
100,100,3,2018-05-21 23:22:07,Linktype,Desi Charnick,623-121-9980,mcorstorphine2r@icio.us,Avaveo,Marybelle Corstorphine,mcorstorphine2r@spiegel.de,389-158-2813
101,101,4,2018-09-18 13:32:18,Skinix,Carline Brocklehurst,113-656-8574,gnormand2s@domainmarket.com,Zoovu,Germain Normand,gnormand2s@berkeley.edu,845-437-8485
102,102,5,2016-05-06 17:53:26,Buzzdog,Elladine Hizir,784-478-3423,agotthardsf2t@last.fm,Jayo,Aloysius Gotthard.sf,agotthardsf2t@gmpg.org,246-650-6178
103,103,6,2017-06-08 05:56:35,Edgepulse,Jessie McKennan,641-300-9535,gdanzey2u@comcast.net,Aivee,Gabriela Danzey,gdanzey2u@geocities.com,392-447-4143
104,104,7,2016-04-13 14:07:42,Trudoo,Demetrius Ashfull,286-311-4691,ebosquet2v@theguardian.com,Blogtags,Elisha Bosquet,ebosquet2v@ovh.net,795-786-6813
105,105,8,2017-02-07 08:49:44,Devify,Rutherford Vinson,782-166-6693,rdegan2w@ihg.com,Brainbox,Raddy Degan,rdegan2w@discuz.net,338-601-1218
106,106,2,2016-08-30 17:38:40,Yabox,Anallese Fearon,106-439-2710,omccarthy2x@sphinn.com,Roombo,Owen McCarthy,omccarthy2x@guardian.co.uk,870-187-0756
107,107,3,2016-07-29 19:58:48,Roombo,Merrile Barkway,846-677-6286,wjiran2y@nature.com,Jetpulse,Woodrow Jiran,wjiran2y@blogs.com,641-437-4143
108,108,4,2017-07-24 09:24:15,Oba,Maddy Gittens,477-950-4440,eisbell2z@gmpg.org,Ntags,Ewart Isbell,eisbell2z@naver.com,465-197-7003
109,109,5,2016-05-06 12:11:18,Yakijo,Claire MacMichael,811-916-8788,fmcquie30@yahoo.com,Yamia,Fanni McQuie,fmcquie30@engadget.com,381-695-0709
110,110,6,2017-10-31 07:11:09,Jaloo,Neilla Lovewell,168-347-5351,sblinde31@ca.gov,Twimm,Sandor Blinde,sblinde31@reference.com,651-626-6532
111,111,7,2017-11-07 12:47:08,Zoomlounge,Carmina Longstreeth,733-827-1955,hbanker32@cornell.edu,Mymm,Hyacintha Banker,hbanker32@senate.gov,962-956-0613
112,112,8,2019-03-08 11:23:55,Browsecat,Hedvige Leyban,300-448-3821,gdunstan33@mashable.com,Devshare,Gerardo Dunstan,gdunstan33@hatena.ne.jp,371-464-9089
113,113,2,2016-08-31 08:12:16,Skivee,Dukey Wigin,897-932-1783,vchapelhow34@facebook.com,Youspan,Verne Chapelhow,vchapelhow34@usnews.com,830-460-8986
114,114,3,2017-01-06 19:10:43,Viva,Arlan Pawelczyk,287-533-6503,vhuggill35@typepad.com,Shufflester,Vincenty Huggill,vhuggill35@mozilla.org,394-723-0851
115,115,4,2017-11-02 17:21:44,Gigaclub,Georgi Olivas,646-413-4103,ostonary36@about.me,Dabjam,Otto Stonary,ostonary36@youtu.be,853-757-3705
116,116,5,2016-06-16 15:59:33,Rhyloo,Chrotoem Cutten,186-109-8350,tpimm37@bloglines.com,Twimm,Tades Pimm,tpimm37@ebay.com,474-956-9632
117,117,6,2016-06-05 21:43:55,Kazu,Cleopatra Killby,461-306-0327,jpfeiffer38@alibaba.com,Zava,Johnnie Pfeiffer,jpfeiffer38@amazon.com,475-248-0917
118,118,7,2017-12-29 15:22:22,Mydeo,Myrlene Ashbey,544-583-1992,rbreznovic39@moonfruit.com,Brightdog,Ruy Breznovic,rbreznovic39@feedburner.com,870-223-8878
119,119,8,2018-05-02 08:04:01,Realcube,Kalinda Samwyse,592-614-6023,rvilliers3a@seattletimes.com,Centimia,Roman Villiers,rvilliers3a@sina.com.cn,939-459-9737
120,120,2,2016-04-23 12:51:18,Bluezoom,Nina Jerger,217-898-5864,rjenny3b@rediff.com,Babbleblab,Raimondo Jenny,rjenny3b@springer.com,361-117-1263
121,121,3,2018-04-11 18:02:32,Realbuzz,Charla Heaviside,347-692-9739,ndawe3c@i2i.jp,Devshare,Norine Dawe,ndawe3c@about.me,501-455-0108
122,122,4,2017-12-03 09:33:32,Gabvine,Pyotr Shorton,467-353-0962,pmenat3d@apple.com,Thoughtblab,Philomena Menat,pmenat3d@independent.co.uk,924-662-3423
123,123,5,2016-10-26 13:12:08,Mudo,Beatrisa Benz,669-121-1690,jwhatson3e@youtu.be,Linkbridge,Juditha Whatson,jwhatson3e@yale.edu,226-387-5438
124,124,6,2016-11-20 03:11:47,Quire,Chaddie Ingrey,944-143-5104,swheelhouse3f@marriott.com,Snaptags,Steffen Wheelhouse,swheelhouse3f@cyberchimps.com,268-578-3628
125,125,7,2016-07-06 18:49:54,Myworks,Timothy Rouge,286-659-3390,ulerner3g@plala.or.jp,Yozio,Ursola Lerner,ulerner3g@google.es,568-590-9255
126,126,8,2016-11-30 02:26:45,Aibox,Arturo Trengove,270-844-8414,ealoshkin3h@google.com.hk,Blogpad,Emilie Aloshkin,ealoshkin3h@un.org,804-394-3573
127,127,2,2016-08-03 14:25:07,Pixonyx,Harrie Kaye,388-694-7343,blaunder3i@oakley.com,Jaloo,Brunhilde Launder,blaunder3i@umich.edu,731-803-9431
128,128,3,2017-08-10 09:48:55,Mudo,Ossie Gawke,611-391-6647,bdavers3j@wikipedia.org,Trudoo,Blanca Davers,bdavers3j@over-blog.com,770-549-3999
129,129,4,2018-05-22 08:00:08,Camimbo,Darwin Walsh,523-160-3319,aphorsby3k@joomla.org,Jaxnation,Aubine Phorsby,aphorsby3k@hud.gov,433-525-4251
130,130,5,2017-05-06 00:16:03,Mudo,Joly Harlowe,714-332-9806,bketcher3l@live.com,Devcast,Bryce Ketcher,bketcher3l@stanford.edu,159-749-8789
131,131,6,2018-03-15 08:19:50,Pixope,Ediva Mudle,558-641-9343,cantonchik3m@mozilla.org,Eabox,Cleopatra Antonchik,cantonchik3m@cisco.com,909-368-7020
132,132,7,2018-01-08 19:06:43,Divanoodle,Tedda Linn,724-586-3482,aannell3n@ca.gov,Trunyx,Angelique Annell,aannell3n@cdc.gov,723-403-9259
133,133,8,2017-07-08 06:48:53,Flashset,Lorant Gilcriest,893-540-1854,njendrys3o@upenn.edu,Riffpedia,Nial Jendrys,njendrys3o@cocolog-nifty.com,302-916-6213
134,134,2,2018-08-16 03:59:47,Skyndu,Donnajean Bridgewater,971-417-9395,lplacide3p@yolasite.com,Livefish,Lurette Placide,lplacide3p@hao123.com,795-129-3955
135,135,3,2018-11-06 19:56:24,Vidoo,Lorita Margaritelli,870-653-8464,ahatchell3q@tmall.com,Yotz,Austine Hatchell,ahatchell3q@ehow.com,825-944-4122
136,136,4,2016-11-27 09:47:07,Katz,Dagny Clotworthy,451-949-7142,cbyfield3r@indiegogo.com,Rhycero,Cristian Byfield,cbyfield3r@yolasite.com,701-501-2233
137,137,5,2018-05-22 19:21:29,Realpoint,Maximilianus Loble,196-149-8588,trosenzwig3s@yahoo.co.jp,Twitterbridge,Tami Rosenzwig,trosenzwig3s@google.com.au,590-983-3820
138,138,6,2016-09-24 18:05:21,Shufflebeat,Amble Aughtie,545-439-2798,pmcarley3t@nba.com,Blogspan,Pauletta McArley,pmcarley3t@mail.ru,869-242-5206
139,139,7,2018-09-29 11:11:56,Jatri,Tressa Ullyott,466-950-9534,cbresland3u@wufoo.com,Skiptube,Chan Bresland,cbresland3u@home.pl,804-320-6811
140,140,8,2018-10-05 21:46:20,Edgepulse,Natala Powelee,975-409-5772,hscroggins3v@cyberchimps.com,Nlounge,Harriet Scroggins,hscroggins3v@cam.ac.uk,559-173-8509
141,141,2,2019-01-20 06:53:25,Photofeed,Sada Chittem,361-514-7328,netches3w@shutterfly.com,Zava,Noni Etches,netches3w@wsj.com,746-728-5061
142,142,3,2017-12-22 01:52:29,Edgetag,Augustina Gisbye,454-574-3905,thise3x@ebay.co.uk,Quaxo,Thurston Hise,thise3x@ucoz.ru,107-931-4567
143,143,4,2016-07-04 04:57:07,Flipbug,Rodolph Henriques,296-501-1514,cfaier3y@addthis.com,Edgepulse,Caitrin Faier,cfaier3y@businesswire.com,921-757-6674
144,144,5,2018-11-21 15:26:02,Wikido,Carlynn Reder,441-374-8601,laustwick3z@storify.com,Midel,Lissa Austwick,laustwick3z@prnewswire.com,366-853-2488
145,145,6,2016-11-16 09:22:42,Eare,Zea Banck,521-530-3871,kivery40@aboutads.info,Eabox,Kim Ivery,kivery40@alibaba.com,870-565-5841
146,146,7,2017-11-08 15:13:16,Skimia,Ash Maynell,499-551-9048,msheehan41@tmall.com,Zoozzy,Mendel Sheehan,msheehan41@globo.com,849-945-7029
147,147,8,2017-04-10 02:55:13,Npath,Cortney Lupton,384-581-3040,hbatters42@google.fr,Agimba,Hedwiga Batters,hbatters42@state.tx.us,288-805-7795
148,148,2,2017-07-07 08:17:28,Miboo,Pavlov Bozward,704-534-3267,ljobbins43@usatoday.com,Janyx,Lynea Jobbins,ljobbins43@twitter.com,528-299-8526
149,149,3,2017-12-19 18:27:08,Fivespan,Galvin Sarjent,995-274-1392,mhyndson44@uol.com.br,Skimia,Mendie Hyndson,mhyndson44@stumbleupon.com,490-391-9699
150,150,4,2018-10-16 09:37:05,Photofeed,Kathrine Bedboro,391-968-3764,gwile45@paginegialle.it,Abata,Georgeanna Wile,gwile45@over-blog.com,323-630-6239
151,151,5,2018-08-20 06:40:49,InnoZ,Nerta Barti,287-480-0964,mputtnam46@hc360.com,Fiveclub,Melita Puttnam,mputtnam46@skyrock.com,158-525-4603
152,152,6,2016-06-06 16:01:36,Mynte,Maurene Kearn,610-829-6232,cmccaffrey47@prweb.com,Demimbu,Clea McCaffrey,cmccaffrey47@unesco.org,234-917-6108
153,153,7,2017-04-28 20:28:20,Teklist,Wildon Crowson,644-554-3841,lburt48@furl.net,Mybuzz,Lexis Burt,lburt48@bluehost.com,541-990-3230
154,154,8,2016-10-20 11:45:59,JumpXS,Maurie Paszek,496-660-0636,aabotson49@hatena.ne.jp,Tagcat,Adrien Abotson,aabotson49@wikimedia.org,885-406-6059
155,155,2,2017-12-13 02:50:51,Topicware,Raquela McWilliam,848-398-4680,ksmout4a@ovh.net,Riffwire,Karney Smout,ksmout4a@upenn.edu,771-885-1913
156,156,3,2017-02-04 04:20:18,Edgewire,Willa Mansbridge,803-456-9639,tbyrom4b@msn.com,Quinu,Tabina Byrom,tbyrom4b@cbc.ca,604-767-0465
157,157,4,2017-10-29 16:37:29,Flipbug,Rutledge Jeffrey,703-143-5417,zgodlonton4c@ftc.gov,Skipstorm,Zola Godlonton,zgodlonton4c@slideshare.net,884-471-4238
158,158,5,2016-08-03 12:52:37,Rhycero,Christine McGuinness,469-368-3756,ddenzilow4d@narod.ru,Jatri,Donnell Denzilow,ddenzilow4d@cloudflare.com,163-807-4760
159,159,6,2017-12-18 06:50:19,Reallinks,Nickie Chrystie,134-650-0029,lcardenoso4e@deliciousdays.com,Fivechat,Lyndsay Cardenoso,lcardenoso4e@mapy.cz,536-971-6384
160,160,7,2018-08-09 13:18:50,Yambee,Oralia Noddings,130-503-0510,ikaesmans4f@simplemachines.org,Gabvine,Ilyssa Kaesmans,ikaesmans4f@imdb.com,107-392-8145
161,161,8,2017-10-10 23:46:01,Bluezoom,Chaddy Ramsted,696-807-0747,agooderick4g@army.mil,Chatterpoint,Adair Gooderick,agooderick4g@biblegateway.com,341-624-5632
162,162,2,2017-04-22 00:52:35,Tazz,Julienne Piccop,456-776-6578,jmacenzy4h@biglobe.ne.jp,Skyndu,Joeann Macenzy,jmacenzy4h@wp.com,506-693-4177
163,163,3,2018-02-06 00:08:38,Bubblemix,Nikolai Salkeld,469-469-6467,icosgreave4i@quantcast.com,Realblab,Igor Cosgreave,icosgreave4i@live.com,828-687-0623
164,164,4,2018-04-08 18:42:24,Demizz,Imojean Colliber,476-604-5501,kcapron4j@jimdo.com,Oyope,Katya Capron,kcapron4j@google.com.hk,298-520-2017
165,165,5,2017-06-25 15:53:50,Voolia,Genovera Honatsch,548-485-1089,ebarrows4k@youtu.be,Shuffledrive,Elianora Barrows,ebarrows4k@prnewswire.com,304-366-8838
166,166,6,2016-07-18 19:30:39,Meemm,Robb Gerriessen,502-264-8331,bzapatero4l@umn.edu,Realblab,Bibi Zapatero,bzapatero4l@dailymail.co.uk,512-682-0985
167,167,7,2017-09-08 07:46:50,Gabcube,Cherrita Burry,556-830-2814,cdukelow4m@deviantart.com,Zooveo,Candida Dukelow,cdukelow4m@bandcamp.com,841-567-4742
168,168,8,2018-07-22 07:30:21,Quire,Starr Bardwall,739-632-2588,gtreffry4n@hugedomains.com,Brainverse,Glynnis Treffry,gtreffry4n@youtube.com,399-559-1547
169,169,2,2017-08-12 13:13:08,Skiba,Marcello Folcarelli,686-177-8304,hcroston4o@bing.com,Vipe,Henka Croston,hcroston4o@prlog.org,553-625-8192
170,170,3,2018-03-15 15:27:00,Meemm,Tisha Derdes,503-519-2664,pbisatt4p@msu.edu,Edgeblab,Patric Bisatt,pbisatt4p@histats.com,877-370-6423
171,171,4,2017-04-10 14:46:00,Thoughtworks,Fredric Scotson,987-453-7158,csteanson4q@uiuc.edu,Devify,Celine Steanson,csteanson4q@macromedia.com,289-919-7644
172,172,5,2016-05-19 03:35:15,Photobug,Alverta Fouldes,151-587-0316,gspurritt4r@umich.edu,Skimia,Gloriane Spurritt,gspurritt4r@typepad.com,772-374-0046
173,173,6,2018-07-07 02:15:28,Avamm,Agnes Wannell,568-413-1007,ncarletti4s@ning.com,Quinu,Nike Carletti,ncarletti4s@merriam-webster.com,517-786-6356
174,174,7,2018-12-26 05:10:57,Thoughtworks,Verge MacKay,931-791-7011,cadriaens4t@cnet.com,Kaymbo,Ciro Adriaens,cadriaens4t@homestead.com,865-774-1083
175,175,8,2018-08-17 00:05:23,Feednation,Kittie Beviss,975-678-6544,ccervantes4u@whitehouse.gov,Roombo,Cherise Cervantes,ccervantes4u@theglobeandmail.com,398-877-2830
176,176,2,2017-02-15 00:35:05,Twitternation,Corey Meltetal,602-132-1124,jjanse4v@dedecms.com,Photobug,Joelly Janse,jjanse4v@yellowpages.com,286-834-0275
177,177,3,2016-10-18 17:51:13,Bluezoom,Pablo Durward,479-910-1098,oguitton4w@weibo.com,Realbridge,Ola Guitton,oguitton4w@edublogs.org,432-890-8280
178,178,4,2018-11-14 19:10:59,Riffpath,Bettye Sherwyn,366-965-1157,pveck4x@wiley.com,Jaxspan,Phedra Veck,pveck4x@blogspot.com,868-903-0512
179,179,5,2017-12-17 08:55:37,Buzzbean,Mel Bullus,214-173-0975,glukasen4y@sfgate.com,Twitterworks,Gayle Lukasen,glukasen4y@ow.ly,998-768-4379
180,180,6,2017-09-29 04:19:16,Quimba,Cornall Grewcock,798-512-4923,gtaffie4z@si.edu,Pixonyx,Gonzalo Taffie,gtaffie4z@freewebs.com,990-505-5953
181,181,7,2018-07-27 23:53:54,Feedfish,Cariotta Squire,117-903-6246,lcoen50@kickstarter.com,Devcast,Lesya Coen,lcoen50@51.la,752-577-7110
182,182,8,2018-01-14 05:27:50,Realbuzz,Nester Roselli,276-661-6318,eguiu51@huffingtonpost.com,Zoomcast,Elfie Guiu,eguiu51@google.de,740-598-9522
183,183,2,2016-12-12 23:02:50,Topiczoom,Reta Bonifazio,862-947-9300,dcarty52@opera.com,Shuffledrive,Dot Carty,dcarty52@disqus.com,102-145-6195
184,184,3,2017-03-24 12:17:14,Oodoo,Margie Vise,349-201-9626,dyacob53@e-recht24.de,Yambee,Dynah Yacob,dyacob53@ucsd.edu,599-603-5023
185,185,4,2017-06-02 02:11:17,LiveZ,Clea Clampett,487-163-0554,abatting54@prnewswire.com,Thoughtstorm,Andi Batting,abatting54@google.cn,447-274-1668
186,186,5,2016-07-15 11:35:12,Skivee,Evan Storey,696-552-8362,aquesne55@indiegogo.com,Skilith,Atlanta Quesne,aquesne55@accuweather.com,162-437-9658
187,187,6,2017-01-14 00:49:20,Edgetag,Alistair Bradburne,570-941-3094,gsedgmond56@cmu.edu,Cogibox,Georgia Sedgmond,gsedgmond56@globo.com,586-534-7773
188,188,7,2017-07-16 16:46:30,Divanoodle,Feodora Clendennen,333-248-0428,djedras57@auda.org.au,Trupe,Dill Jedras,djedras57@addtoany.com,297-737-9338
189,189,8,2017-03-21 03:37:59,Yabox,Lela Elwin,734-822-8749,pmaciunas58@gnu.org,Kwinu,Pincas Maciunas,pmaciunas58@independent.co.uk,940-161-3934
190,190,2,2016-10-24 02:54:45,Photofeed,Yulma Nimmo,146-816-5675,ealgar59@imageshack.us,Zoonoodle,Esma Algar,ealgar59@addthis.com,365-282-1027
191,191,3,2018-08-28 11:37:29,Feedspan,Konstance Bavridge,219-284-1045,awhiscard5a@mtv.com,Plajo,Aime Whiscard,awhiscard5a@usnews.com,865-672-1926
192,192,4,2017-04-10 13:55:55,Digitube,Derry Sigward,424-420-7291,belsmore5b@indiegogo.com,Jaloo,Bevvy Elsmore,belsmore5b@deliciousdays.com,669-357-4268
193,193,5,2017-06-29 04:24:32,Shufflester,Hart Athelstan,848-877-8259,bellingworth5c@berkeley.edu,Jaxspan,Blakeley Ellingworth,bellingworth5c@symantec.com,255-921-2220
194,194,6,2017-07-27 07:00:00,Shuffletag,Rachel McLaine,104-819-3798,lmiskimmon5d@archive.org,Oyoba,Lief Miskimmon,lmiskimmon5d@goodreads.com,364-198-8464
195,195,7,2016-09-10 01:16:04,Quire,Marcos Jako,899-555-6280,gnaptin5e@odnoklassniki.ru,Gabtype,Grier Naptin,gnaptin5e@princeton.edu,371-342-0802
196,196,8,2018-04-04 04:49:01,Oyondu,Olivia Tunnick,761-483-3420,gmedland5f@unc.edu,Tazz,Guthry Medland,gmedland5f@biblegateway.com,788-897-5682
197,197,2,2018-02-10 16:59:30,Voomm,Cathie Pabst,968-756-3592,ajoyce5g@ask.com,Skaboo,Ambros Joyce,ajoyce5g@scribd.com,674-875-2273
198,198,3,2018-02-27 08:35:07,Twinder,Rhett Fraulo,559-865-2969,gashmore5h@people.com.cn,Yadel,Garvin Ashmore,gashmore5h@washington.edu,934-749-8632
199,199,4,2017-09-08 05:16:42,Gigazoom,Priscilla Scotchford,834-762-1987,gcollymore5i@multiply.com,LiveZ,Gillan Collymore,gcollymore5i@vk.com,275-365-6212
200,200,5,2016-05-12 17:31:37,Shuffledrive,Norman Manderson,684-377-1798,lcrosi5j@aol.com,Gigabox,Lynett Crosi,lcrosi5j@rediff.com,547-340-1648
